"","dist_FGW","runtime.GG","runtime.FGW"
"1",0.0267843165442097,33.733,0.0690000000000026
"2",0.0635795949156702,33.9,0.00400000000000489
