"","dist_FGW","runtime.GG","runtime.FGW"
"1",0.00476882010225343,248.581000000002,0.348000000001775
